# Current abbreviations calculated in build priority: BGG ID, owned/direct name, then first two characters.
# game_name	bgg_id	abbr	source
1%의기적	378040	1%	fallback 사용
12칩트릭	358669	12	fallback 사용
1862 이스턴 카운티	66837	18	fallback 사용
5분 마블	253618	5분	fallback 사용
5초준다	86073	5초	fallback 사용
7원더스	68448	7원	fallback 사용
가이아프로젝트	220308	가이아	ID 명시 약칭
가짜예술가뉴욕에가다	135779	가짜	fallback 사용
갈팡질팡	370444	갈팡	fallback 사용
개구리벌주기	6387	개구리	ID 명시 약칭
개구리사탕먹기	5895	개구리	ID 명시 약칭
갠지스 다이스차머	318553	갠지다	ID 명시 약칭
갠지스의 라자	220877	갠지스	ID 명시 약칭
갤러리스트	125153	갤러	ID 명시 약칭
갱오브포	3085	갱오	fallback 사용
게놈의탑		게놈	fallback 사용
고고시티	264638	고고	fallback 사용
고스트	2290	고스	fallback 사용
고질라도쿄클래시	303051	고질라	ID 명시 약칭
골드	306680	골드	ID 명시 약칭
골드러시	297661	골러	ID 명시 약칭
구두룡저택의살인 (미스터리파티시리즈)	336495	구두룡	ID 명시 약칭
궁신	402283	궁신	fallback 사용
그것이문제로다	226322	그것	fallback 사용
그라운드플로어	38765	그라	fallback 사용
그랜드오스트리아호텔	182874	그오호	ID 명시 약칭
그레이트웨스턴트레일	193738	그웨트	ID 명시 약칭
그레이트웨스턴트레일 뉴질랜드	380607	뉴웨트	ID 명시 약칭
글래스로드	143693	글래스	ID 명시 약칭
글렌모어연대기	265188	글렌	fallback 사용
글룸헤이븐	174430	글룸	ID 명시 약칭
기도하고일하라	70149	기도일	ID 명시 약칭
기즈모	246192	기즈	fallback 사용
기차섬 탑승하세요	355224	기차섬	ID 명시 약칭
기차섬(영)	154906	기차섬	ID 명시 약칭
김밥요리사	377941	김밥	fallback 사용
꼬치의달인	264797	꼬치	ID 명시 약칭
끝나지않는한여름(미스터리파티시리즈)		끝나	fallback 사용
나나	352515	나나	ID 명시 약칭
나나 크리스마스에디션	352515	나나	ID 명시 약칭
나르	379629	나르	fallback 사용
나의최애명대사	427325	명대사	ID 명시 약칭
남티그리스의학자들	367041	남티학	ID 명시 약칭
내마음의주파수	262543	내마	fallback 사용
냥냥집사	440029	냥냥	fallback 사용
냥자역학연구소	324345	냥자	fallback 사용
너도나도	348532	너도	fallback 사용
노땡스	12942	노땡	fallback 사용
노터치크라켄	253786	노터치	ID 명시 약칭
노팅엄의지방관	298638	노팅	fallback 사용
놉놉테이블	365979	놉놉	fallback 사용
누가치즈를훔쳤을까	294175	누가	fallback 사용
뉴클리엄	396790	뉴클	fallback 사용
늑대인간마을의축제(미스터리파티시리즈)	393283	늑대	fallback 사용
니다벨리르	293014	니다	fallback 사용
니말리아	361850	니말	fallback 사용
니어앤파	195421	니어	fallback 사용
다빈치코드	8946	다빈	ID 명시 약칭
다빈치코드플러스	8946	다빈	ID 명시 약칭
다섯부족	157354	다섯	fallback 사용
다운포스	215311	다운	fallback 사용
다윈의여정	322289	다윈	ID 명시 약칭
다윈의위대한발자취	376683	다윈발	ID 명시 약칭
다이너스티 혼인과통치	191972	다이	fallback 사용
다잉메시지 + 공범,만화가 확장	400958	다빈치	ID 명시 약칭
다크율	393284	다크율	ID 명시 약칭
다크호스	158356	다크호	ID 명시 약칭
달무티	929	달무	fallback 사용
당나귀다리	386470	당나	fallback 사용
대만차연대기	287941	대만차	ID 명시 약칭
더게임	173090	더게	fallback 사용
더루프	316412	더루	fallback 사용
더리치앤더굿	38863	더리치	ID 명시 약칭
더마인드	244992	더마	fallback 사용
던전레이더스	80771	던레	ID 명시 약칭
던전로드	45315	던로	ID 명시 약칭
덤불속	102181	덤불	fallback 사용
데드맨스드로우	149155	데드맨	ID 명시 약칭
데드오브윈터	150376	데오윈	ID 명시 약칭
데스티네이션x	223726	데스X	ID 명시 약칭
데스티니즈	285192	데스티	ID 명시 약칭
도르프로만틱	370591	도르	fallback 사용
도망자	370597	도망	fallback 사용
도미넌트스피시즈		도스피	이름 정본
도미니언	36218	도미	ID 명시 약칭
도미니언 약속된번영	66690	도미	ID 명시 약칭
도미니언 위대한제국	192951	도미	ID 명시 약칭
도미니언 장막뒤의사람들	40834	도미	ID 명시 약칭
도블	63268	도블	ID 명시 약칭
도블 동물원	63268	도블	ID 명시 약칭
도적단의월급날	391761	도적	fallback 사용
독수리눈치싸움	175	독수리	ID 명시 약칭
동물왕와일드사파리	398	동물	fallback 사용
동인도회사	354132	동인	fallback 사용
두근두근악어이빨	10453	두근	fallback 사용
두리안	307963	두리	fallback 사용
두부왕국	186475	두부	fallback 사용
뒤죽박죽서커스	220738	뒤죽	fallback 사용
뒤집어줘캡틴	393325	뒤캡	ID 명시 약칭
듄임페리움	316554	듄	ID 명시 약칭
듄임페리움봉기	397598	봉기	ID 명시 약칭
드라큘라VS반헬싱	381278	드라	fallback 사용
드랍잇 (독)	244916	드랍잇	ID 명시 약칭
드림홈	194880	드림	fallback 사용
디센트	104162	디센	fallback 사용
디셉션	156129	디셉	fallback 사용
디스워오브마인	188920	디워마	ID 명시 약칭
디스워오브마인 폐허가된도시이야기 확장	247665	디워마	ID 명시 약칭
딕싯	39856	딕싯	fallback 사용
딥씨크루		딥씨	fallback 사용
딩고디스크	319598	딩고	fallback 사용
라그랑하 디럭스 마스터	341945	라그	fallback 사용
라마	266083	라마	ID 명시 약칭
라마랜드	330038	라마랜	ID 명시 약칭
라스베가스	117959	라스	ID 명시 약칭
라스베가스로얄(중)	271319	라스로	ID 명시 약칭
라온	88633	라온	fallback 사용
라운드더월드(영)	244951	라운	fallback 사용
라이		라이	이름 정본
라이노교수가아는다가오는죽음		라이노	이름 정본
라이벌시티	433384	라이벌	ID 명시 약칭
라이슬라	154246	라이슬	ID 명시 약칭
라이즈오브아우구스투스	137297	아우구	ID 명시 약칭
라타	374201	라타	fallback 사용
래드랜드	329082	래드	fallback 사용
랩터	177639	랩터	fallback 사용
랭카스터	96913	랭카	fallback 사용
러브레터	277085	러브	ID 명시 약칭
러브크래프트 레터	198740	러크레	ID 명시 약칭
럭키넘버스	118247	럭키	fallback 사용
럼블네이션	266722	럼블	fallback 사용
레드룸	442306	레드	fallback 사용
레디셋벳	351040	레디	fallback 사용
레벨10	211940	레벨	fallback 사용
레이스포더갤럭시 + 첫번째아크 확장	28143	레포갤	ID 명시 약칭
레인보우세븐	351149	레인	fallback 사용
레일로드잉크	245654	레일잉	ID 명시 약칭
레일웨이붐	448159	레일붐	ID 명시 약칭
레즈아르카나 + 확장	262712	레즈	fallback 사용
레지사이드 레거시		레지사	이름 정본
레지스탕스 아발론	128882	아발론	ID 명시 약칭
레지스탕스 쿠	131357	쿠	ID 명시 약칭
레코 플러스		레코	fallback 사용
렉시오	19184	렉시	fallback 사용
로그		로그	fallback 사용
로나에나: 재앙의 선물	350585	로나	fallback 사용
로보77	3337	로보	fallback 사용
로빈슨크루소	121921	로빈슨	ID 명시 약칭
로스트시티	50	로스	fallback 사용
롤포더갤럭시	132531	롤포갤	ID 명시 약칭
루미큐브	811	루미	fallback 사용
루이스앤클라크	140620	루이	fallback 사용
루트 + 리버포크 확장	237182	루트	ID 명시 약칭
루트비히의 성	155426	루트비	ID 명시 약칭
루핑루이	327	루핑	fallback 사용
뤄양의사람들	39683	뤄양	ID 명시 약칭
르네상스의거장들	280453	르네	fallback 사용
르아브르	35677	르아	ID 명시 약칭
르아브르 내륙항	129051	내륙항	ID 명시 약칭
리바이브	332772	리바	fallback 사용
리버탈리아	356033	리버	fallback 사용
리볼버2	128733	리볼	fallback 사용
리코셰로봇	51	리코셰	ID 명시 약칭
마닐라	15817	마닐	fallback 사용
마라카이보	276025	마라카	ID 명시 약칭
마라케시 + 확장	342810	마라케	ID 명시 약칭
마르코폴로2	283948	마폴2	ID 명시 약칭
마법사의물약(독)	95231	마법	fallback 사용
마블좀비	351817	마블	fallback 사용
마스크맨	159581	마스	fallback 사용
마운틴고트	63975	마운	fallback 사용
마이시티	295486	마이시	ID 명시 약칭
마이티	172998	마이티	ID 명시 약칭
마작 (미니마작)	2093	마작	ID 명시 약칭
마헤	3383	마헤	fallback 사용
맥주와빵	369880	맥주	fallback 사용
맨덤의던전	150312	맨덤	fallback 사용
메나라	244608	메나라	ID 명시 약칭
메도우 + 하류 확장	314491	메도우	ID 명시 약칭
메디치	46	메디	fallback 사용
메르브:실크로드의심장	306040	메르브	ID 명시 약칭
메모리아일랜드	371785	메모리	ID 명시 약칭
메시나1347	238799	메시나	ID 명시 약칭
메이지나이트 얼티밋 에디션	248562	메나	ID 명시 약칭
멘네페르	404431	멘네	fallback 사용
몇번이고푸른달에불을붙였다	357173	푸른달	ID 명시 약칭
모노폴리 딜럭스	7098	모노	fallback 사용
모던아트 (페가수스)	118	모던	fallback 사용
모두의마블		모두	fallback 사용
모렐	122298	모렐	fallback 사용
모아보새	245476	모아	fallback 사용
모자가아니잖아	375651	모자	ID 명시 약칭
모자익스	55834	모자익	ID 명시 약칭
몰타의관문	181960	몰타	fallback 사용
문명의시대	264647	문시	ID 명시 약칭
뮤제	234396	뮤제	fallback 사용
미노다이스	191071	미노	fallback 사용
미드가르드의챔피언	172287	미가챔	ID 명시 약칭
밀레니엄블레이즈	151347	밀블	ID 명시 약칭
바람의부족	362986	바람	fallback 사용
바르셀로나 (영)	383607	바르셀	ID 명시 약칭
바퀴벌레포커	11971	바퀴	fallback 사용
반디도	191925	반디	fallback 사용
반지의제왕 가운데땅여정	269385	반지여	ID 명시 약칭
반지의제왕가운데땅에서의대결	421006	반듀	ID 명시 약칭
반지전쟁	9609	반전쟁	ID 명시 약칭
방방곡곡 세계유랑	230667	방방	fallback 사용
배틀쉽	54137	배쉽	ID 명시 약칭
배틀콘 인다인즈의유린	123123	배틀콘	ID 명시 약칭
백로성	371942	백로	ID 명시 약칭
백로성대결	438936	백듀	ID 명시 약칭
뱀파이어퀸	191073	뱀파퀸	ID 명시 약칭
뱅	3955	뱅	fallback 사용
뱅 주사위	143741	뱅 	fallback 사용
버건디의성 20주년	84876	버건디	ID 명시 약칭
버라지 (+레이흐바터르 + 나일강 확장)	251247	버라지	ID 명시 약칭
번레이트	3341	번레	fallback 사용
범고래고래	388413	범고	fallback 사용
베일오브이터니티	385529	베오이	ID 명시 약칭
베티보터보우트썸버터	426314	베티	fallback 사용
벨라티	259374	벨라	fallback 사용
벨에포크파리	282954	벨에	fallback 사용
보난자	11	보난	fallback 사용
보랏못리라이트 (머더미스터리미니)	379873	보랏빛	ID 명시 약칭
보타닉가든	334065	보타	fallback 사용
보틀임프	619	보틀	fallback 사용
본파이어 빅박스	304420	본파	fallback 사용
봄버스터즈	413246	봄버	fallback 사용
봉잡았다	351809	봉잡	fallback 사용
부루마불 클래식	10506	부루	fallback 사용
북쪽숲을 위하여	334590	북쪽숲	ID 명시 약칭
분레이크	343905	분레	fallback 사용
분수(영)	440509	분수	ID 명시 약칭
붉은대성당	227224	붉은	fallback 사용
붑	355433	붑	fallback 사용
브라스 버밍엄	224517	버밍엄	ID 명시 약칭
브라질:임페리얼	249277	브라질	ID 명시 약칭
브레인토피아	206175	브레	fallback 사용
브뤼셀1897	275913	브뤼셀	ID 명시 약칭
블랙소나타	231218	블소	ID 명시 약칭
블랙아웃홍콩	262215	블랙아	ID 명시 약칭
블랙프라이데이	39242	블프	ID 명시 약칭
블러드바운드	130877	블바	ID 명시 약칭
블로커스3D	6411	블로	fallback 사용
블리츠	67877	블리츠	ID 명시 약칭
블리츠크리그	258210	블크	ID 명시 약칭
비티컬처 에센셜	183394	비티	fallback 사용
빅샷	1125	빅샷	fallback 사용
빌라봉	464	빌라	fallback 사용
빌리저	241724	빌리저	ID 명시 약칭
빌리지 빅박스	365056	빌리지	ID 명시 약칭
사그라다	199561	사그	fallback 사용
사라진속옷과 하늘을나는물고기	350586	사라	fallback 사용
사보타지	9220	사보	fallback 사용
사이드 (준풀확)	169786	사이드	ID 명시 약칭
사이베리온	376893	사이베	ID 명시 약칭
산타마리아	229220	산타	fallback 사용
생츄어리 아크노바게임	441696	생츄	fallback 사용
섀도우레이더스	288098	섀도	fallback 사용
서머너워즈	332800	서머	fallback 사용
서스펙트게임 : 클로즈드 서클 미스터리	322785	서스	ID 명시 약칭
서스펙트게임 리로드	322785	서스	ID 명시 약칭
서쪽왕국의건축가	236457	서왕건	ID 명시 약칭
서쪽왕국의성기사	266810	서왕성	ID 명시 약칭
서퍼사우르스맥스	394887	서퍼	fallback 사용
석기시대	34635	석기	fallback 사용
선물입니다	420887	선물	fallback 사용
선셋오버워터	224904	선셋	fallback 사용
성투	760	성투	fallback 사용
세븐원더스 대결 + 판테온 확장	173346	세듀	ID 명시 약칭
세트	1198	세트	fallback 사용
세티	418059	세티	fallback 사용
센추리1 향신료의 길	209685	센추1	ID 명시 약칭
센추리2 동방의 바다	242574	센추2	ID 명시 약칭
셀레스티아 빅박스	175117	셀레	fallback 사용
셜록13	149869	셜록	fallback 사용
솔튼씨	402663	솔튼	fallback 사용
쇼텐토텐	372	쇼텐	fallback 사용
수목원 (영)	140934	수목원	ID 명시 약칭
수상한생선들	359893	수상	fallback 사용
숲속의음악대	999	숲속	fallback 사용
슈뢰딩거의고양이	172235	슈뢰	fallback 사용
스릴팡	9539	스릴	fallback 사용
스위스사는스미스씨	418896	스위	fallback 사용
스카우트	291453	스카웃	ID 명시 약칭
스카이마인	359438	스카마	ID 명시 약칭
스카이섬	176494	스카섬	ID 명시 약칭
스카이팀 + 난기류확장	373106	스카팀	ID 명시 약칭
스컬	92415	스컬	ID 명시 약칭
스컬퀸	423432	스컬퀸	ID 명시 약칭
스컬킹	150145	스컬킹	ID 명시 약칭
스크래블 딜럭스	320	스크	fallback 사용
스키티아의침략자	301880	스키	fallback 사용
스타워즈 덱빌딩	374173	스타덱	ID 명시 약칭
스타워즈에픽듀얼	3284	에픽듀	ID 명시 약칭
스타트업스	223770	스타트	ID 명시 약칭
스탁파일	161614	스탁	fallback 사용
스트라테고 퀵배틀	197108	스트	fallback 사용
스파이vs스파이	299569	스파vs	ID 명시 약칭
스파이시	299169	스파시	ID 명시 약칭
스파이폴	166384	스파폴	ID 명시 약칭
스파이폴2	193308	스파폴2	ID 명시 약칭
스페이스 크루	284083	스페	fallback 사용
스플렌더	148228	스플	ID 명시 약칭
스플렌더 대결	364073	스듀	ID 명시 약칭
스플렌더 마블	293296	마블렌더	ID 명시 약칭
스플렌더 찬란한도시확장	220653	스플	ID 명시 약칭
스플렌더 포켓몬	406291	포플렌더	ID 명시 약칭
슬리핑퀸즈	17053	슬리	fallback 사용
시간을달리는트라이앵글 (머더미스터리미니 )	379872	시간	fallback 사용
시계탑에흐른피	240980	시계탑	ID 명시 약칭
시냅스챌린지2	251481	시냅스	ID 명시 약칭
시볼루션	400602	시볼	fallback 사용
시즌스 (+마법에걸린왕국, 운명의길 확장)	108745	시즌스	ID 명시 약칭
시체와온천 (머더미스터리미니)	370748	시체	fallback 사용
시퀀스 해리포터	2375	시퀀스	ID 명시 약칭
시타델	205398	시타	fallback 사용
시티체이스	346625	시티	fallback 사용
실버 아뮬렛	278553	실버	ID 명시 약칭
썬플라워밸리	228390	썬플	fallback 사용
쓰루디에이지스 신판	182028	쓰루	ID 명시 약칭
아그리콜라	31260	아콜	ID 명시 약칭
아그리콜라 크고작은생물들 + 확장	119890	크작생	ID 명시 약칭
아노1800	311193	아노	fallback 사용
아르낙의잊혀진유적	312484	아르낙	ID 명시 약칭
아를의평원	159675	아를	ID 명시 약칭
아발론 클래식	526	아발론	ID 명시 약칭
아브라카왓	163930	아브	fallback 사용
아야르	429438	아야	fallback 사용
아임더보스	115	아임	fallback 사용
아줄	230802	아줄	fallback 사용
아컴호러카드게임 + 던위치 확장	205637	아딱	ID 명시 약칭
아쿠아티카	283393	아쿠	fallback 사용
아크노바 + 마린월드 확장	342942	아크	ID 명시 약칭
아크로폴리스	357563	아크로	ID 명시 약칭
아키텍추라	256390	아키	fallback 사용
악마성의마차	25951	악마	fallback 사용
알렉산드리아 도서관	432834	알렉	fallback 사용
알마마터	299960	알마	fallback 사용
알케미스트 (왕의골렘 합본)	161970	알케미	ID 명시 약칭
암스테르담	314582	암스	fallback 사용
애꾸눈선장룰렛게임		애꾸	fallback 사용
액시스앤얼라이어스1941 (영)	123185	액시41	ID 명시 약칭
액시스앤얼라이어스1942 (영)	41863	액시42	ID 명시 약칭
야옹섬	281259	야옹	fallback 사용
야채주식	328211	야채	fallback 사용
양적완화(Q.E.)	266830	양적	fallback 사용
어비스	155987	어비	fallback 사용
어센션	69789	어센	fallback 사용
어스	350184	어스	fallback 사용
언더워터시티즈	247763	언워시	ID 명시 약칭
언더워터항해기	328251	항해기	ID 명시 약칭
언더폴링스카이즈	306735	언폴스	ID 명시 약칭
언락:철가면을찾아서	5556	철가면	ID 명시 약칭
언락1	213460	언락1	ID 명시 약칭
언락2	228867	언락2	ID 명시 약칭
언락3	239307	언락3	ID 명시 약칭
언락5	266121	언락5	ID 명시 약칭
언락6	279613	언락6	ID 명시 약칭
언락7	294612	언락7	ID 명시 약칭
언매치드	274637	언매	fallback 사용
얼티밋레일로드	329591	얼레	ID 명시 약칭
에메랄드스컬	421762	에메	fallback 사용
에버델	199792	에버델	ID 명시 약칭
에버델듀오	425005	에듀	ID 명시 약칭
에에스오브스페이드	429861	에오스	ID 명시 약칭
에이다		에이다	이름 정본
에이다의꿈	413469	에다꿈	ID 명시 약칭
에이언즈 엔드	191189	에엔	ID 명시 약칭
에이전트애비뉴	422732	에비뉴	ID 명시 약칭
에이지오브스팀	4098	에오스	ID 명시 약칭
에즈라와 느헤미아	386368	에즈라	ID 명시 약칭
엑시트 버려진오두막	203420	엑시트	ID 명시 약칭
엑시트 불길한고성	226520	엑시트	ID 명시 약칭
엑시트 연구실의비밀	203417	엑시트	ID 명시 약칭
엑시트 저주받은 섬	215841	엑시트	ID 명시 약칭
엔데버 대항해시대	233398	엔데버	ID 명시 약칭
엔데버심해	367966	심해	ID 명시 약칭
엔들리스윈(+확장2)	305096	엔들	fallback 사용
엘더베일의거처	271055	엘더	fallback 사용
엘드리치호러 (+확장)	146021	엘드	fallback 사용
엘리베이터앞에서	278751	엘리베	ID 명시 약칭
영리한여우	244522	영리	fallback 사용
영웅을빌려줘	135116	영웅	fallback 사용
옛날옛적에	1234	옛날	fallback 사용
오 미우바우	311031	오 	fallback 사용
오딘	406854	오딘	ID 명시 약칭
오딘을위하여 + 노르웨이 사람들 확장 + 소형확장1	177736	오딘	ID 명시 약칭
오라파마인	424152	오라파	ID 명시 약칭
오를레앙+확장2	164928	오를	ID 명시 약칭
오를로이	429405	오를로	ID 명시 약칭
오리진스+확장	322588	오리	fallback 사용
오버부킹	354328	오버	fallback 사용
오스티아	347767	오스	fallback 사용
오토배틀 챌린저스	359970	오토	fallback 사용
오하나미	270314	오하	fallback 사용
온마스	184267	온마	ID 명시 약칭
왓츠잇투야	5772	왓츠	fallback 사용
왕국의수도 프라하	308765	프라하	ID 명시 약칭
요람에서무덤까지	371787	요람	fallback 사용
요코하마	196340	요코	fallback 사용
요트다이스	2243	요트	fallback 사용
용사가죽었다(미스터리파티시리즈)		용사	fallback 사용
우노(포켓몬우노)	37330	우노	ID 명시 약칭
우드크래프트	355093	우드	fallback 사용
우봉고 3D프로	46396	우봉고	ID 명시 약칭
우봉고3D	269971	우봉고	ID 명시 약칭
우봉고미니	28258	우봉고	ID 명시 약칭
워드캡처	322204	워드	ID 명시 약칭
워드캡처 티키타카	375815	워티	ID 명시 약칭
워체스트	249259	워체	fallback 사용
워터게이트	274364	워터게	ID 명시 약칭
워터딥의군주들	110327	워터딥	ID 명시 약칭
원더랜드워 풀확	227935	원워	ID 명시 약칭
원더볼링	392842	원더볼	ID 명시 약칭
원더풀월드 + 부폐와진보 확장 + 전쟁과 평화 확장	271324	원더월	ID 명시 약칭
원더풀킹덤	327711	원더킹	ID 명시 약칭
원덱던전 + 스토리즈 확장	179275	원덱	fallback 사용
원드러스크리처	400366	원크	ID 명시 약칭
웨일스트리트 + 전용매트	396995	웨일	fallback 사용
웬디어른이되렴(머더미스터리미니)	370749	웬디	ID 명시 약칭
웰컴백투더던전	195043	웰컴던	ID 명시 약칭
웰컴투	233867	웰컴투	ID 명시 약칭
웰컴투더문	339789	웰컴문	ID 명시 약칭
위대한로렌초	203993	로렌초	ID 명시 약칭
위자드	1465	위자	fallback 사용
위치스톤	318560	위치	fallback 사용
윈드밀밸리	403441	윈드	fallback 사용
윙스팬 + 아시아 + 오세아니아	266192	윙스팬	ID 명시 약칭
유포리아+확장	133848	유포	fallback 사용
육식동물짓이야	451594	육식	fallback 사용
이매진	191894	이매	fallback 사용
이베큐에이션	382843	이베큐	ID 명시 약칭
이봐그건내물고기야(영)	8203	이봐	fallback 사용
이스탄불 주사위게임	235488	이탄주	ID 명시 약칭
이지컴이지고	10672	이지컴	ID 명시 약칭
익스플로딩키튼	172225	익스	fallback 사용
인더스트리아	8124	인더	fallback 사용
인사이더	206051	인사	ID 명시 약칭
인사이더블랙	307997	인사블	ID 명시 약칭
인사이드잡	324914	인사잡	ID 명시 약칭
인생게임	2921	인생	fallback 사용
인쉬	155821	인쉬	fallback 사용
임페리얼스팀	338760	임페	fallback 사용
임호텝	191862	임호	ID 명시 약칭
임호텝 대결	255674	임듀	ID 명시 약칭
잉카의황금	15512	잉카	fallback 사용
자금성 디럭스	250458	자금성	ID 명시 약칭
자반도르의셉터	13884	자반	fallback 사용
자이푸르	54043	자이	fallback 사용
잠만보다이스	411245	잠만보	ID 명시 약칭
재치와눈치	66588	재치	fallback 사용
저스트원	254640	저스	fallback 사용
전국 첫번째제국	381819	전국	ID 명시 약칭
전지적추리시점	400995	전지	fallback 사용
점박이	372559	점박	fallback 사용
정령섬 + 가지와발톱 확장	162886	정령섬	ID 명시 약칭
제왕의깃발	287084	깃발	ID 명시 약칭
제왕의불꽃	313261	불꽃	ID 명시 약칭
젝스님트	432	젝스	fallback 사용
젠가	2452	젠가	fallback 사용
젬블로	19427	젬블	fallback 사용
좀비사이드 무기를 들어라	364792	좀비	fallback 사용
종이와바다	367220	종이	fallback 사용
죄와벌의도서관(미스터리파티시리즈)	11612	죄와	fallback 사용
줄로레또	27588	줄로	fallback 사용
지킬&하이드&스코틀랜드야드	377793	지킬	fallback 사용
차가운그녀가눈을뜨기전에	326054	차그녀	ID 명시 약칭
차이나타운	47	차이	fallback 사용
챠오챠오	1163	챠오	fallback 사용
첫번째화성인	192455	화성인	ID 명시 약칭
체스	171	체스	fallback 사용
촐킨	126163	촐킨	fallback 사용
치킨차차 미니	3570	치킨	fallback 사용
칠교신도시	391497	칠교	fallback 사용
카나가와	200147	카나	fallback 사용
카네기	310873	카네	fallback 사용
카르카손 20주년 기념판	822	카르	ID 명시 약칭
카르페디엠	245934	카르페	ID 명시 약칭
카리바	84732	카리	fallback 사용
카멜레온	227072	카멜레	ID 명시 약칭
카멜업2판	260605	카멜업	ID 명시 약칭
카베르나 + 잊힌종족 확장	102794	카베	ID 명시 약칭
카베르나 동대동	220520	동대동	ID 명시 약칭
카보	271321	카보	fallback 사용
카이사르	338957	카이	fallback 사용
카탄(영) + 기사,56인 확장	13	카탄	ID 명시 약칭
카후나	394	카후	fallback 사용
캐노피	295607	캐노	fallback 사용
캐스캐디아	295947	캐캐	ID 명시 약칭
캐슬콤보	416851	캐슬	fallback 사용
캐시앤건즈	155362	캐시	fallback 사용
캘리코	283155	캘리	fallback 사용
캡틴블랙잭	183528	캡틴	fallback 사용
캣레이디	228504	캣레	fallback 사용
커피러시	377061	커피	fallback 사용
컬러레또	5782	컬러	fallback 사용
케일러스1303	284818	케일	fallback 사용
코덱스	314503	코덱	fallback 사용
코드네임	178900	코드	ID 명시 약칭
코드네임 듀엣	224037	코듀	ID 명시 약칭
코드네임(영어)	178900	코드	ID 명시 약칭
코드네임픽처스	198773	코드픽	ID 명시 약칭
코티지가든	204027	코티지	ID 명시 약칭
콘셉트	147151	콘셉	fallback 사용
콩코르디아 + 비너스 확장	124361	콩코	fallback 사용
콰이어트하우스	411396	콰이	fallback 사용
쿠	131357	쿠	ID 명시 약칭
쿠키런킹덤	359009	쿠키런	ID 명시 약칭
쿠키박스 포켓몬	202564	쿠키박	ID 명시 약칭
쿠트나호라	385610	쿠트나	ID 명시 약칭
쿼리도	624	쿼리	fallback 사용
쿼키서킷	274093	쿼키	fallback 사용
퀘스트	316287	퀘스	fallback 사용
퀵소	3190	퀵소	fallback 사용
퀸도미노	232043	퀸도	fallback 사용
큐비토스	298069	큐비	fallback 사용
크라스카리어트	243430	크라	fallback 사용
크로스클루	300753	크로	fallback 사용
크루세이더	170624	크루	fallback 사용
크리스탈팰리스	280480	크팰	ID 명시 약칭
크베들린부르크의돌팔이약장수	244521	돌팔이	ID 명시 약칭
클라스크	165722	클라	fallback 사용
클랜오브칼레도니아	216132	클오칼	ID 명시 약칭
클랭크	201808	클랭	ID 명시 약칭
클랭크카타콤	365717	카타콤	ID 명시 약칭
클러스터	277458	클러	fallback 사용
클레임1+클레임2	233961	클레임	ID 명시 약칭
클루	1294	클루	fallback 사용
클리닉	272739	클리	fallback 사용
키친러시	223953	키친	fallback 사용
키플라워 + 농부들 확장	122515	키플	fallback 사용
킹덤오브다이스	436650	킹덤	fallback 사용
킹도미노	204583	킹도	fallback 사용
타르기	118048	타르	fallback 사용
타이니에픽던전 + 스토리즈 확장	331787	타에던	ID 명시 약칭
타이니타운	265736	타타운	ID 명시 약칭
타코캣고트치즈피자	253664	타코캣	ID 명시 약칭
탁상탐정단1		탁상1	이름 정본
탁상탐정단2		탁상2	이름 정본
탁상탐정단3		탁상3	이름 정본
탁상탐정단4		탁상4	이름 정본
탐험가들	368413	탐험	fallback 사용
탑텐티비	300905	탑텐	fallback 사용
태양너머로 (+새여명의지도자들 확장)	317985	태양너	ID 명시 약칭
태양신라	12	라	ID 명시 약칭
텀블링다이스	16747	텀블	fallback 사용
테라포밍마스 + 서곡 + 맵확장	167791	테포마	ID 명시 약칭
테라포밍마스주사위	296108	주포마	ID 명시 약칭
테베	30869	테베	fallback 사용
테오티우아칸	229853	테티칸	ID 명시 약칭
테케누	297030	테케	fallback 사용
텔레스트레이션	46213	텔레	fallback 사용
텔미모어	378256	텔미	fallback 사용
투카나여행길	283864	투카나	ID 명시 약칭
트라야누스	102680	트라야	ID 명시 약칭
트래블블로그(영)	85105	트래	fallback 사용
트루아 (영)	73439	트루아	ID 명시 약칭
트릭케리언	163068	트릭케	ID 명시 약칭
트릭테이커스	343566	트릭테	ID 명시 약칭
티츄 딜럭스	215	티츄	ID 명시 약칭
티칼	54	티칼	fallback 사용
티켓투라이드 유럽 15주년 기념판	9209	티투라	ID 명시 약칭
티키토플	34373	티키	fallback 사용
틸레툼	351913	틸레	fallback 사용
팀3 핑크	247694	팀3	ID 명시 약칭
파러웨이	385761	파러	fallback 사용
파수꾼	228855	파수	fallback 사용
파워그리드	2651	파워	fallback 사용
팍스파미르	256960	팍스	fallback 사용
판타지디펜스	223950	판타디	ID 명시 약칭
판타지왕국	223040	판타왕	ID 명시 약칭
팔레오	300531	팔레	fallback 사용
패치워크 크리스마스에디션	163412	패치	fallback 사용
팬데믹 + 벼랑끝에서 확장	30549	팬데믹	ID 명시 약칭
팬암(영)	303057	팬암	ID 명시 약칭
퍼스트클래스	206941	퍼스	fallback 사용
펄서2849	228341	펄서	fallback 사용
페루도	45	페루	fallback 사용
페야의늪	438442	페야	fallback 사용
페이퍼사파리	39534	페이	ID 명시 약칭
페이퍼사파리(스모키)	39534	페이	ID 명시 약칭
펜스테르담		펜스	fallback 사용
펠리시티 자루속고양이	32125	펠리	fallback 사용
펭귄얼음깨기	225981	얼음	ID 명시 약칭
펭귄파티	56933	펭파	ID 명시 약칭
포가튼워터스	302723	포가	fallback 사용
포레스트셔플	391163	포레	fallback 사용
포비든데저트	136063	포비데	ID 명시 약칭
포비든아일랜드	65244	포비아	ID 명시 약칭
포션폭발 + 다섯번째학생 확장	180974	포션	fallback 사용
포인트샐러드 이브이에디션	274960	포인	fallback 사용
포커칩세트		포커	fallback 사용
포켓디텍티브 (1~3)	275589	포켓디	ID 명시 약칭
포켓몬사다리게임		사다리	이름 정본
포트로얄	156009	포트	fallback 사용
폭시	359318	폭시	fallback 사용
푸들택시	429662	푸들	fallback 사용
푸에르토리코 2014	3076	푸코	ID 명시 약칭
프라이머 각성	303731	프라	fallback 사용
프레스코	66188	프레	fallback 사용
프로젝트L	260180	프로	fallback 사용
프리세이지	428787	프리	fallback 사용
플래시포인트 (영)	100901	플래시	ID 명시 약칭
플립7	420087	플립7	ID 명시 약칭
플립타운	352418	플립타	ID 명시 약칭
피렌체의제후 (영)	555	피렌	fallback 사용
핀카	40628	핀카	fallback 사용
필름을감아(일)	215471	필름	fallback 사용
하나미코지	158600	하나미	ID 명시 약칭
하나비 거대한불꽃	98778	하나비	ID 명시 약칭
하다라	269144	하다	fallback 사용
하드리아누스방벽	304783	하드	fallback 사용
하모니즈	414317	하모	fallback 사용
하베스트	15390	하베	fallback 사용
하이다이브	170041	하이다	ID 명시 약칭
하이브	2655	하이브	ID 명시 약칭
하이소사이어티	220	하이소	ID 명시 약칭
하트오브크라운페어리 + 확장2	131904	하오크	ID 명시 약칭
한밤의늑대인간	147949	한밤	fallback 사용
한자토이토니카 빅박스	286749	한토토	ID 명시 약칭
할라피노	206	할라	fallback 사용
할러타우	300322	할러	fallback 사용
할리갈리	2944	할리	ID 명시 약칭
할리갈리컵스	146149	할리컵	ID 명시 약칭
할리우드골든에이지	904	할리우	ID 명시 약칭
항로개척자	434343	항로	fallback 사용
해기스	37628	해기	fallback 사용
핵클레드 + 확장	352228	핵클	fallback 사용
햄버거타이쿤	223094	햄버	fallback 사용
행복을찾아서	181687	행복	fallback 사용
행성x를찾아서	279537	행성X	ID 명시 약칭
허리컵	38504	허리	fallback 사용
허즐방탈출 Hex-it		허즐	fallback 사용
헤게모니 + 역사적사건들 확장	321608	헤게	fallback 사용
혁신의시대	383179	혁시	ID 명시 약칭
화이트채플	59959	화이	fallback 사용
황금의강(영)	399941	황금강	ID 명시 약칭
황금의땅 엘도라도	217372	엘도라	ID 명시 약칭
황하와장강	244114	황하	fallback 사용
황혼의비문	361545	황혼	fallback 사용
황혼의투쟁	12333	황투	ID 명시 약칭
후지	258308	후지	fallback 사용
휘슬마운틴	301255	휘슬	fallback 사용
히트	366013	히트	fallback 사용
